{"id":"017f5825-bb6d-4e93-8917-f1354ab134bc","projectId":"e828422d-8898-43cb-aa7c-e2ac4da36d1b","descriptionId":"02384925-06cb-34f7-8d8a-4387e41b77a5","targetObjectId":"cd2f41b8-85e4-4664-9ca1-96466333c3fd","label":"Domain Representation","kind":"siriusComponents://representation?type=Diagram","representation":{"id":"017f5825-bb6d-4e93-8917-f1354ab134bc","kind":"siriusComponents://representation?type=Diagram","targetObjectId":"cd2f41b8-85e4-4664-9ca1-96466333c3fd","descriptionId":"02384925-06cb-34f7-8d8a-4387e41b77a5","label":"Domain Representation","position":{"x":0.0,"y":0.0},"size":{"width":1285.791015625,"height":280.9619140625},"nodes":[{"id":"549191cb-5d48-34f2-b722-bd5efbab80ec","type":"node:rectangle","targetObjectId":"26a85947-acb1-42fd-8bd3-586101c60f26","targetObjectKind":"siriusComponents://semantic?domain=domain&entity=Entity","targetObjectLabel":"Jurisdiction","descriptionId":"f46faeb4-9a50-313b-9a52-27cafbf3ba56","borderNode":false,"modifiers":[],"state":"Normal","collapsingState":"EXPANDED","insideLabel":{"id":"4f0f3cf9-5a9d-39c3-95ff-3fe85d997eee","type":"label:inside-center","text":"Jurisdiction","insideLabelLocation":"TOP_CENTER","position":{"x":24.984375,"y":5.0},"size":{"width":100.03125,"height":18.3984375},"alignment":{"x":20.0,"y":14.484375},"style":{"color":"#000000","fontSize":16,"bold":false,"italic":false,"underline":false,"strikeThrough":false,"iconURL":["/icons/full/obj16/Entity.svg"]},"isHeader":true,"displayHeaderSeparator":true},"outsideLabels":[],"style":{"color":"#fafafa","borderColor":"#fbb800","borderSize":3,"borderRadius":8,"borderStyle":"Solid"},"childrenLayoutStrategy":{"areChildNodesDraggable":true,"kind":"List"},"position":{"x":574.5419921875,"y":198.9619140625},"size":{"width":150.0,"height":70.0},"userResizable":true,"borderNodes":[],"childNodes":[{"id":"e983eb47-dc54-3e5c-be5e-82c4009c53da","type":"node:icon-label","targetObjectId":"ee0eddce-d1c3-46a5-ad91-d2b9a47902b7","targetObjectKind":"siriusComponents://semantic?domain=domain&entity=Attribute","targetObjectLabel":"name","descriptionId":"b4c3f307-569b-34e8-84d4-c1adad1148dd","borderNode":false,"modifiers":[],"state":"Normal","collapsingState":"EXPANDED","insideLabel":{"id":"894fb130-8240-3039-afa0-fcc3731c40b3","type":"label:inside-center","text":"name","insideLabelLocation":"TOP_CENTER","position":{"x":5.0,"y":0.0},"size":{"width":50.017578125,"height":13.798828125},"alignment":{"x":20.0,"y":10.86328125},"style":{"color":"#424242","fontSize":12,"bold":false,"italic":false,"underline":false,"strikeThrough":false,"iconURL":["/icons/full/obj16/StringAttribute.svg"]},"isHeader":false,"displayHeaderSeparator":false},"outsideLabels":[],"style":{"backgroundColor":"transparent"},"childrenLayoutStrategy":null,"position":{"x":0.0,"y":36.3984375},"size":{"width":150.0,"height":13.798828125},"userResizable":true,"borderNodes":[],"childNodes":[],"customizedProperties":[],"defaultWidth":null,"defaultHeight":null,"labelEditable":true,"pinned":false}],"customizedProperties":[],"defaultWidth":null,"defaultHeight":null,"labelEditable":true,"pinned":false},{"id":"d4afd6c0-c45e-3cd5-bb3a-c6f3d67e6f12","type":"node:rectangle","targetObjectId":"8cc0443d-a07a-4c21-9f07-5cb6177042ac","targetObjectKind":"siriusComponents://semantic?domain=domain&entity=Entity","targetObjectLabel":"TaxCategory","descriptionId":"f46faeb4-9a50-313b-9a52-27cafbf3ba56","borderNode":false,"modifiers":[],"state":"Normal","collapsingState":"EXPANDED","insideLabel":{"id":"fc0fa45a-ff9a-31e8-b812-460a57078e14","type":"label:inside-center","text":"TaxCategory","insideLabelLocation":"TOP_CENTER","position":{"x":19.203125,"y":5.0},"size":{"width":111.59375,"height":18.3984375},"alignment":{"x":20.0,"y":14.484375},"style":{"color":"#000000","fontSize":16,"bold":false,"italic":false,"underline":false,"strikeThrough":false,"iconURL":["/icons/full/obj16/Entity.svg"]},"isHeader":true,"displayHeaderSeparator":true},"outsideLabels":[],"style":{"color":"#fafafa","borderColor":"#fbb800","borderSize":3,"borderRadius":8,"borderStyle":"Solid"},"childrenLayoutStrategy":{"areChildNodesDraggable":true,"kind":"List"},"position":{"x":836.384765625,"y":192.0625},"size":{"width":150.0,"height":70.0},"userResizable":true,"borderNodes":[],"childNodes":[{"id":"8893a3d8-b2db-36b0-ae0a-4cc3ad81f25b","type":"node:icon-label","targetObjectId":"a50c32d7-e91f-41df-8451-6e7ab91f4294","targetObjectKind":"siriusComponents://semantic?domain=domain&entity=Attribute","targetObjectLabel":"name","descriptionId":"b4c3f307-569b-34e8-84d4-c1adad1148dd","borderNode":false,"modifiers":[],"state":"Normal","collapsingState":"EXPANDED","insideLabel":{"id":"58ff6cd2-ba07-3811-befa-d72db09d57bc","type":"label:inside-center","text":"name","insideLabelLocation":"TOP_CENTER","position":{"x":5.0,"y":0.0},"size":{"width":51.34765625,"height":13.798828125},"alignment":{"x":20.0,"y":10.86328125},"style":{"color":"#424242","fontSize":12,"bold":true,"italic":false,"underline":false,"strikeThrough":false,"iconURL":["/icons/full/obj16/StringAttribute.svg"]},"isHeader":false,"displayHeaderSeparator":false},"outsideLabels":[],"style":{"backgroundColor":"transparent"},"childrenLayoutStrategy":null,"position":{"x":0.0,"y":36.3984375},"size":{"width":150.0,"height":13.798828125},"userResizable":true,"borderNodes":[],"childNodes":[],"customizedProperties":[],"defaultWidth":null,"defaultHeight":null,"labelEditable":true,"pinned":false},{"id":"7a494c28-2bc1-3166-ae75-b91c141a2ad2","type":"node:icon-label","targetObjectId":"234fd660-56ec-418f-8f85-2be974175413","targetObjectKind":"siriusComponents://semantic?domain=domain&entity=Attribute","targetObjectLabel":"tax","descriptionId":"b4c3f307-569b-34e8-84d4-c1adad1148dd","borderNode":false,"modifiers":[],"state":"Normal","collapsingState":"EXPANDED","insideLabel":{"id":"87b13a0e-3c4c-3f69-9ca8-009d8ee130d5","type":"label:inside-center","text":"tax","insideLabelLocation":"TOP_CENTER","position":{"x":5.0,"y":0.0},"size":{"width":37.34375,"height":13.798828125},"alignment":{"x":20.0,"y":10.86328125},"style":{"color":"#424242","fontSize":12,"bold":true,"italic":false,"underline":false,"strikeThrough":false,"iconURL":["/icons/full/obj16/NumberAttribute.svg"]},"isHeader":false,"displayHeaderSeparator":false},"outsideLabels":[],"style":{"backgroundColor":"transparent"},"childrenLayoutStrategy":null,"position":{"x":0.0,"y":50.197265625},"size":{"width":150.0,"height":13.798828125},"userResizable":true,"borderNodes":[],"childNodes":[],"customizedProperties":[],"defaultWidth":null,"defaultHeight":null,"labelEditable":true,"pinned":false}],"customizedProperties":[],"defaultWidth":null,"defaultHeight":null,"labelEditable":true,"pinned":false},{"id":"300c9ac4-514b-35d3-93dc-f74fd9d5bb5e","type":"node:rectangle","targetObjectId":"f22c36f4-03f4-4602-b044-58128de33e5d","targetObjectKind":"siriusComponents://semantic?domain=domain&entity=Entity","targetObjectLabel":"Product","descriptionId":"f46faeb4-9a50-313b-9a52-27cafbf3ba56","borderNode":false,"modifiers":[],"state":"Normal","collapsingState":"EXPANDED","insideLabel":{"id":"400ddacb-c401-3428-b800-7fda903008ca","type":"label:inside-center","text":"Product","insideLabelLocation":"TOP_CENTER","position":{"x":37.4296875,"y":5.0},"size":{"width":75.140625,"height":18.3984375},"alignment":{"x":20.0,"y":14.484375},"style":{"color":"#000000","fontSize":16,"bold":false,"italic":false,"underline":false,"strikeThrough":false,"iconURL":["/icons/full/obj16/Entity.svg"]},"isHeader":true,"displayHeaderSeparator":true},"outsideLabels":[],"style":{"color":"#fafafa","borderColor":"#fbb800","borderSize":3,"borderRadius":8,"borderStyle":"Solid"},"childrenLayoutStrategy":{"areChildNodesDraggable":true,"kind":"List"},"position":{"x":1123.791015625,"y":192.0625},"size":{"width":150.0,"height":70.0},"userResizable":true,"borderNodes":[],"childNodes":[{"id":"a49caae3-e350-37b3-969f-b898d545b426","type":"node:icon-label","targetObjectId":"4db60bb2-caee-4973-98fa-2387a4576aff","targetObjectKind":"siriusComponents://semantic?domain=domain&entity=Attribute","targetObjectLabel":"name","descriptionId":"b4c3f307-569b-34e8-84d4-c1adad1148dd","borderNode":false,"modifiers":[],"state":"Normal","collapsingState":"EXPANDED","insideLabel":{"id":"1561735a-cb75-33db-bee3-fe6cdedbd49b","type":"label:inside-center","text":"name","insideLabelLocation":"TOP_CENTER","position":{"x":5.0,"y":0.0},"size":{"width":51.34765625,"height":13.798828125},"alignment":{"x":20.0,"y":10.86328125},"style":{"color":"#424242","fontSize":12,"bold":true,"italic":false,"underline":false,"strikeThrough":false,"iconURL":["/icons/full/obj16/StringAttribute.svg"]},"isHeader":false,"displayHeaderSeparator":false},"outsideLabels":[],"style":{"backgroundColor":"transparent"},"childrenLayoutStrategy":null,"position":{"x":0.0,"y":36.3984375},"size":{"width":150.0,"height":13.798828125},"userResizable":true,"borderNodes":[],"childNodes":[],"customizedProperties":[],"defaultWidth":null,"defaultHeight":null,"labelEditable":true,"pinned":false},{"id":"3ad98151-ea68-38c0-ba71-06732c223976","type":"node:icon-label","targetObjectId":"5563f966-e81e-49b1-84e1-b5a7c77521d7","targetObjectKind":"siriusComponents://semantic?domain=domain&entity=Attribute","targetObjectLabel":"price","descriptionId":"b4c3f307-569b-34e8-84d4-c1adad1148dd","borderNode":false,"modifiers":[],"state":"Normal","collapsingState":"EXPANDED","insideLabel":{"id":"63777f3f-3c9d-33d1-be6c-a6d3b83fac9e","type":"label:inside-center","text":"price","insideLabelLocation":"TOP_CENTER","position":{"x":5.0,"y":0.0},"size":{"width":48.681640625,"height":13.798828125},"alignment":{"x":20.0,"y":10.86328125},"style":{"color":"#424242","fontSize":12,"bold":true,"italic":false,"underline":false,"strikeThrough":false,"iconURL":["/icons/full/obj16/NumberAttribute.svg"]},"isHeader":false,"displayHeaderSeparator":false},"outsideLabels":[],"style":{"backgroundColor":"transparent"},"childrenLayoutStrategy":null,"position":{"x":0.0,"y":50.197265625},"size":{"width":150.0,"height":13.798828125},"userResizable":true,"borderNodes":[],"childNodes":[],"customizedProperties":[],"defaultWidth":null,"defaultHeight":null,"labelEditable":true,"pinned":false}],"customizedProperties":[],"defaultWidth":null,"defaultHeight":null,"labelEditable":true,"pinned":false},{"id":"1c45b97a-9829-316b-97b8-192902077aa4","type":"node:rectangle","targetObjectId":"2a68e161-6223-4854-9d97-f138db104084","targetObjectKind":"siriusComponents://semantic?domain=domain&entity=Entity","targetObjectLabel":"World","descriptionId":"f46faeb4-9a50-313b-9a52-27cafbf3ba56","borderNode":false,"modifiers":[],"state":"Normal","collapsingState":"EXPANDED","insideLabel":{"id":"66405618-9544-3f27-9086-f944ce23750d","type":"label:inside-center","text":"World","insideLabelLocation":"TOP_CENTER","position":{"x":44.109375,"y":5.0},"size":{"width":61.78125,"height":18.3984375},"alignment":{"x":20.0,"y":14.484375},"style":{"color":"#000000","fontSize":16,"bold":false,"italic":false,"underline":false,"strikeThrough":false,"iconURL":["/icons/full/obj16/Entity.svg"]},"isHeader":true,"displayHeaderSeparator":true},"outsideLabels":[],"style":{"color":"#fafafa","borderColor":"#fbb800","borderSize":3,"borderRadius":8,"borderStyle":"Solid"},"childrenLayoutStrategy":{"areChildNodesDraggable":true,"kind":"List"},"position":{"x":12.0,"y":66.19921875},"size":{"width":150.0,"height":70.0},"userResizable":true,"borderNodes":[],"childNodes":[],"customizedProperties":[],"defaultWidth":null,"defaultHeight":null,"labelEditable":true,"pinned":false},{"id":"a58b8f4f-110d-38bf-a10b-bc34f895c0c8","type":"node:rectangle","targetObjectId":"fbfcded7-baf2-4c63-87a4-6449a8c0aecc","targetObjectKind":"siriusComponents://semantic?domain=domain&entity=Entity","targetObjectLabel":"Customer","descriptionId":"f46faeb4-9a50-313b-9a52-27cafbf3ba56","borderNode":false,"modifiers":[],"state":"Normal","collapsingState":"EXPANDED","insideLabel":{"id":"d2104abe-1520-3f03-ae99-5d6dc33467d5","type":"label:inside-center","text":"Customer","insideLabelLocation":"TOP_CENTER","position":{"x":30.32421875,"y":5.0},"size":{"width":89.3515625,"height":18.3984375},"alignment":{"x":20.0,"y":14.484375},"style":{"color":"#000000","fontSize":16,"bold":false,"italic":false,"underline":false,"strikeThrough":false,"iconURL":["/icons/full/obj16/Entity.svg"]},"isHeader":true,"displayHeaderSeparator":true},"outsideLabels":[],"style":{"color":"#fafafa","borderColor":"#fbb800","borderSize":3,"borderRadius":8,"borderStyle":"Solid"},"childrenLayoutStrategy":{"areChildNodesDraggable":true,"kind":"List"},"position":{"x":292.0455729166667,"y":90.798828125},"size":{"width":150.0,"height":70.0},"userResizable":true,"borderNodes":[],"childNodes":[{"id":"ceff11d0-3fa9-3544-83bd-aebcaf8c46af","type":"node:icon-label","targetObjectId":"86d1a63f-ab3e-4113-b6bd-7b50dd2d1996","targetObjectKind":"siriusComponents://semantic?domain=domain&entity=Attribute","targetObjectLabel":"name","descriptionId":"b4c3f307-569b-34e8-84d4-c1adad1148dd","borderNode":false,"modifiers":[],"state":"Normal","collapsingState":"EXPANDED","insideLabel":{"id":"f28a7fa9-2f88-31ae-a6c2-196547660565","type":"label:inside-center","text":"name","insideLabelLocation":"TOP_CENTER","position":{"x":5.0,"y":0.0},"size":{"width":51.34765625,"height":13.798828125},"alignment":{"x":20.0,"y":10.86328125},"style":{"color":"#424242","fontSize":12,"bold":true,"italic":false,"underline":false,"strikeThrough":false,"iconURL":["/icons/full/obj16/StringAttribute.svg"]},"isHeader":false,"displayHeaderSeparator":false},"outsideLabels":[],"style":{"backgroundColor":"transparent"},"childrenLayoutStrategy":null,"position":{"x":0.0,"y":36.3984375},"size":{"width":150.0,"height":13.798828125},"userResizable":true,"borderNodes":[],"childNodes":[],"customizedProperties":[],"defaultWidth":null,"defaultHeight":null,"labelEditable":true,"pinned":false}],"customizedProperties":[],"defaultWidth":null,"defaultHeight":null,"labelEditable":true,"pinned":false},{"id":"45d4c1d9-de51-30c7-b652-7ad21b40c63d","type":"node:rectangle","targetObjectId":"4830964e-0819-4c86-8771-cfce5ad4d509","targetObjectKind":"siriusComponents://semantic?domain=domain&entity=Entity","targetObjectLabel":"Cart","descriptionId":"f46faeb4-9a50-313b-9a52-27cafbf3ba56","borderNode":false,"modifiers":[],"state":"Normal","collapsingState":"EXPANDED","insideLabel":{"id":"d391f56c-eec0-3e61-982a-b3d03ec3bd33","type":"label:inside-center","text":"Cart","insideLabelLocation":"TOP_CENTER","position":{"x":49.88671875,"y":5.0},"size":{"width":50.2265625,"height":18.3984375},"alignment":{"x":20.0,"y":14.484375},"style":{"color":"#000000","fontSize":16,"bold":false,"italic":false,"underline":false,"strikeThrough":false,"iconURL":["/icons/full/obj16/Entity.svg"]},"isHeader":true,"displayHeaderSeparator":true},"outsideLabels":[],"style":{"color":"#fafafa","borderColor":"#fbb800","borderSize":3,"borderRadius":8,"borderStyle":"Solid"},"childrenLayoutStrategy":{"areChildNodesDraggable":true,"kind":"List"},"position":{"x":579.4375,"y":115.064453125},"size":{"width":150.0,"height":70.0},"userResizable":true,"borderNodes":[],"childNodes":[],"customizedProperties":[],"defaultWidth":null,"defaultHeight":null,"labelEditable":true,"pinned":false}],"edges":[{"id":"4cf50862-3784-3acc-86b2-a4a1a0783a01","type":"edge:straight","targetObjectId":"c6b3f32f-c2f4-45eb-9a5a-029e0d2f3095","targetObjectKind":"siriusComponents://semantic?domain=domain&entity=Relation","targetObjectLabel":"taxes","descriptionId":"acc34092-d37f-3136-98ec-fb4d406031ca","beginLabel":null,"centerLabel":{"id":"c4027768-c1e5-3354-bbe9-ecd1ddccbd47","type":"label:edge-center","text":"taxes [1..*]","position":{"x":752.11572265625,"y":233.51220703125},"size":{"width":56.6953125,"height":13.798828125},"alignment":{"x":0.0,"y":10.86328125},"style":{"color":"#424242","fontSize":12,"bold":false,"italic":false,"underline":false,"strikeThrough":false,"iconURL":[]}},"endLabel":null,"sourceId":"549191cb-5d48-34f2-b722-bd5efbab80ec","targetId":"d4afd6c0-c45e-3cd5-bb3a-c6f3d67e6f12","modifiers":[],"state":"Normal","style":{"size":2,"lineStyle":"Solid","sourceArrow":"FillDiamond","targetArrow":"InputArrow","color":"#000000"},"routingPoints":[],"sourceAnchorRelativePosition":{"x":0.5,"y":0.5},"targetAnchorRelativePosition":{"x":0.5,"y":0.5}},{"id":"34f6cd28-d0fc-33d3-8481-72ebb14accaa","type":"edge:straight","targetObjectId":"114a6db3-95ee-4b26-9877-a4ef32306966","targetObjectKind":"siriusComponents://semantic?domain=domain&entity=Relation","targetObjectLabel":"products","descriptionId":"acc34092-d37f-3136-98ec-fb4d406031ca","beginLabel":null,"centerLabel":{"id":"05b8addd-84c8-3567-80eb-9b645e812402","type":"label:edge-center","text":"products [0..*]","position":{"x":1018.068359375,"y":230.0625},"size":{"width":74.0390625,"height":13.798828125},"alignment":{"x":0.0,"y":10.86328125},"style":{"color":"#424242","fontSize":12,"bold":false,"italic":false,"underline":false,"strikeThrough":false,"iconURL":[]}},"endLabel":null,"sourceId":"d4afd6c0-c45e-3cd5-bb3a-c6f3d67e6f12","targetId":"300c9ac4-514b-35d3-93dc-f74fd9d5bb5e","modifiers":[],"state":"Normal","style":{"size":1,"lineStyle":"Solid","sourceArrow":"None","targetArrow":"InputArrow","color":"#888888"},"routingPoints":[],"sourceAnchorRelativePosition":{"x":0.5,"y":0.5},"targetAnchorRelativePosition":{"x":0.5,"y":0.5}},{"id":"2ee50cbc-0bcb-360f-8e43-de033b56ebfc","type":"edge:straight","targetObjectId":"12638326-7ccc-494b-86b5-4afef089dc51","targetObjectKind":"siriusComponents://semantic?domain=domain&entity=Relation","targetObjectLabel":"jurisdictions","descriptionId":"acc34092-d37f-3136-98ec-fb4d406031ca","beginLabel":null,"centerLabel":{"id":"927c51af-2e79-3bde-83b0-213a5eb4e19d","type":"label:edge-center","text":"jurisdictions [0..*]","position":{"x":340.4873046875,"y":12.0},"size":{"width":90.703125,"height":13.798828125},"alignment":{"x":0.0,"y":10.86328125},"style":{"color":"#424242","fontSize":12,"bold":false,"italic":false,"underline":false,"strikeThrough":false,"iconURL":[]}},"endLabel":null,"sourceId":"1c45b97a-9829-316b-97b8-192902077aa4","targetId":"549191cb-5d48-34f2-b722-bd5efbab80ec","modifiers":[],"state":"Normal","style":{"size":1,"lineStyle":"Solid","sourceArrow":"FillDiamond","targetArrow":"InputArrow","color":"#000000"},"routingPoints":[{"x":247.142578125,"y":70.798828125},{"x":247.142578125,"y":28.798828125},{"x":524.53515625,"y":28.798828125},{"x":524.53515625,"y":215.6943359375}],"sourceAnchorRelativePosition":{"x":0.5,"y":0.25},"targetAnchorRelativePosition":{"x":0.5,"y":0.3333333333333333}},{"id":"c4e56e28-2967-3912-b691-002c95b8a99a","type":"edge:straight","targetObjectId":"67abeebc-b71b-45d0-8c9c-ba4c10856bae","targetObjectKind":"siriusComponents://semantic?domain=domain&entity=Relation","targetObjectLabel":"products","descriptionId":"acc34092-d37f-3136-98ec-fb4d406031ca","beginLabel":null,"centerLabel":{"id":"da6e0dd3-fd60-33d6-87e2-f60dea34d63f","type":"label:edge-center","text":"products [0..*]","position":{"x":558.318359375,"y":43.0},"size":{"width":74.0390625,"height":13.798828125},"alignment":{"x":0.0,"y":10.86328125},"style":{"color":"#424242","fontSize":12,"bold":false,"italic":false,"underline":false,"strikeThrough":false,"iconURL":[]}},"endLabel":null,"sourceId":"1c45b97a-9829-316b-97b8-192902077aa4","targetId":"300c9ac4-514b-35d3-93dc-f74fd9d5bb5e","modifiers":[],"state":"Normal","style":{"size":1,"lineStyle":"Solid","sourceArrow":"FillDiamond","targetArrow":"InputArrow","color":"#000000"},"routingPoints":[{"x":103.78125,"y":75.3984375},{"x":103.78125,"y":59.798828125},{"x":1086.89453125,"y":59.798828125},{"x":1086.89453125,"y":208.0615234375}],"sourceAnchorRelativePosition":{"x":0.5,"y":0.5},"targetAnchorRelativePosition":{"x":0.5,"y":0.25}},{"id":"52f6ceaa-b9f5-30ed-b287-008f9e78e198","type":"edge:straight","targetObjectId":"6e56c237-e210-4b2b-8316-5ff47a122b58","targetObjectKind":"siriusComponents://semantic?domain=domain&entity=Relation","targetObjectLabel":"customers","descriptionId":"acc34092-d37f-3136-98ec-fb4d406031ca","beginLabel":null,"centerLabel":{"id":"06f49b5d-cf03-3807-86d0-fd89ca348bad","type":"label:edge-center","text":"customers [0..*]","position":{"x":62.1005859375,"y":81.14892578125},"size":{"width":83.361328125,"height":13.798828125},"alignment":{"x":0.0,"y":10.86328125},"style":{"color":"#424242","fontSize":12,"bold":false,"italic":false,"underline":false,"strikeThrough":false,"iconURL":[]}},"endLabel":null,"sourceId":"1c45b97a-9829-316b-97b8-192902077aa4","targetId":"a58b8f4f-110d-38bf-a10b-bc34f895c0c8","modifiers":[],"state":"Normal","style":{"size":1,"lineStyle":"Solid","sourceArrow":"FillDiamond","targetArrow":"InputArrow","color":"#000000"},"routingPoints":[{"x":103.78125,"y":79.998046875},{"x":103.78125,"y":115.8974609375}],"sourceAnchorRelativePosition":{"x":0.5,"y":0.75},"targetAnchorRelativePosition":{"x":0.5,"y":0.5}},{"id":"acb34c48-775a-3044-8a6e-cbb491919592","type":"edge:straight","targetObjectId":"bb7ff687-b55c-4505-bc98-8a4e249d6173","targetObjectKind":"siriusComponents://semantic?domain=domain&entity=Relation","targetObjectLabel":"jurisdiction","descriptionId":"acc34092-d37f-3136-98ec-fb4d406031ca","beginLabel":null,"centerLabel":{"id":"b82e06bb-9778-3478-ad1f-3ac26b808642","type":"label:edge-center","text":"jurisdiction","position":{"x":427.845703125,"y":79.666015625},"size":{"width":56.689453125,"height":13.798828125},"alignment":{"x":0.0,"y":10.86328125},"style":{"color":"#424242","fontSize":12,"bold":false,"italic":false,"underline":false,"strikeThrough":false,"iconURL":[]}},"endLabel":null,"sourceId":"a58b8f4f-110d-38bf-a10b-bc34f895c0c8","targetId":"549191cb-5d48-34f2-b722-bd5efbab80ec","modifiers":[],"state":"Normal","style":{"size":2,"lineStyle":"Solid","sourceArrow":"None","targetArrow":"InputArrow","color":"#000000"},"routingPoints":[{"x":397.845703125,"y":107.53125},{"x":397.845703125,"y":96.46484375},{"x":514.53515625,"y":96.46484375},{"x":514.53515625,"y":232.4267578125}],"sourceAnchorRelativePosition":{"x":0.5,"y":0.3333333333333333},"targetAnchorRelativePosition":{"x":0.5,"y":0.6666666666666666}},{"id":"1015f29b-02c8-370d-ae24-219442a3e552","type":"edge:straight","targetObjectId":"c10f3938-c55d-4fab-a950-d3c846ca3bfb","targetObjectKind":"siriusComponents://semantic?domain=domain&entity=Relation","targetObjectLabel":"cart","descriptionId":"acc34092-d37f-3136-98ec-fb4d406031ca","beginLabel":null,"centerLabel":{"id":"ae9653f9-ea46-3b76-8e70-6f5f5f043cab","type":"label:edge-center","text":"cart [0..1]","position":{"x":485.73079427083326,"y":146.76497395833331},"size":{"width":50.021484375,"height":13.798828125},"alignment":{"x":0.0,"y":10.86328125},"style":{"color":"#424242","fontSize":12,"bold":false,"italic":false,"underline":false,"strikeThrough":false,"iconURL":[]}},"endLabel":null,"sourceId":"a58b8f4f-110d-38bf-a10b-bc34f895c0c8","targetId":"45d4c1d9-de51-30c7-b652-7ad21b40c63d","modifiers":[],"state":"Normal","style":{"size":1,"lineStyle":"Solid","sourceArrow":"FillDiamond","targetArrow":"InputArrow","color":"#000000"},"routingPoints":[],"sourceAnchorRelativePosition":{"x":0.5,"y":0.6666666666666666},"targetAnchorRelativePosition":{"x":0.5,"y":0.5}},{"id":"32267f31-ee6d-38f6-8968-1d88c68ad8dd","type":"edge:straight","targetObjectId":"fb2831d0-e6ac-45d6-bc0c-977d933d4f41","targetObjectKind":"siriusComponents://semantic?domain=domain&entity=Relation","targetObjectLabel":"products","descriptionId":"acc34092-d37f-3136-98ec-fb4d406031ca","beginLabel":null,"centerLabel":{"id":"f04cbf0e-a508-3c63-8e62-b5118701455d","type":"label:edge-center","text":"products [0..*]","position":{"x":1039.875,"y":165.36279296875},"size":{"width":74.0390625,"height":13.798828125},"alignment":{"x":0.0,"y":10.86328125},"style":{"color":"#424242","fontSize":12,"bold":false,"italic":false,"underline":false,"strikeThrough":false,"iconURL":[]}},"endLabel":null,"sourceId":"45d4c1d9-de51-30c7-b652-7ad21b40c63d","targetId":"300c9ac4-514b-35d3-93dc-f74fd9d5bb5e","modifiers":[],"state":"Normal","style":{"size":1,"lineStyle":"Solid","sourceArrow":"None","targetArrow":"InputArrow","color":"#888888"},"routingPoints":[{"x":1076.89453125,"y":124.263671875},{"x":1076.89453125,"y":240.0595703125}],"sourceAnchorRelativePosition":{"x":0.5,"y":0.5},"targetAnchorRelativePosition":{"x":0.5,"y":0.75}}],"layoutData":{"nodeLayoutData":{"549191cb-5d48-34f2-b722-bd5efbab80ec":{"id":"549191cb-5d48-34f2-b722-bd5efbab80ec","position":{"x":791.8636697871327,"y":-142.34547843393733},"size":{"width":150.0,"height":70.0},"resizedByUser":false},"300c9ac4-514b-35d3-93dc-f74fd9d5bb5e":{"id":"300c9ac4-514b-35d3-93dc-f74fd9d5bb5e","position":{"x":477.6780830191966,"y":26.86401619886763},"size":{"width":150.0,"height":82.1875},"resizedByUser":false},"3ad98151-ea68-38c0-ba71-06732c223976":{"id":"3ad98151-ea68-38c0-ba71-06732c223976","position":{"x":3.0,"y":62.03125},"size":{"width":106.171875,"height":17.15625},"resizedByUser":false},"45d4c1d9-de51-30c7-b652-7ad21b40c63d":{"id":"45d4c1d9-de51-30c7-b652-7ad21b40c63d","position":{"x":163.3513350321805,"y":32.9476917522083},"size":{"width":150.0,"height":70.0},"resizedByUser":false},"a49caae3-e350-37b3-969f-b898d545b426":{"id":"a49caae3-e350-37b3-969f-b898d545b426","position":{"x":3.0,"y":44.875},"size":{"width":106.171875,"height":17.15625},"resizedByUser":false},"e983eb47-dc54-3e5c-be5e-82c4009c53da":{"id":"e983eb47-dc54-3e5c-be5e-82c4009c53da","position":{"x":3.0,"y":44.875},"size":{"width":132.25,"height":17.15625},"resizedByUser":false},"d4afd6c0-c45e-3cd5-bb3a-c6f3d67e6f12":{"id":"d4afd6c0-c45e-3cd5-bb3a-c6f3d67e6f12","position":{"x":791.9996883865896,"y":26.750537137493566},"size":{"width":150.0,"height":82.1875},"resizedByUser":false},"ceff11d0-3fa9-3544-83bd-aebcaf8c46af":{"id":"ceff11d0-3fa9-3544-83bd-aebcaf8c46af","position":{"x":3.0,"y":44.875},"size":{"width":118.296875,"height":17.15625},"resizedByUser":false},"7a494c28-2bc1-3166-ae75-b91c141a2ad2":{"id":"7a494c28-2bc1-3166-ae75-b91c141a2ad2","position":{"x":3.0,"y":62.03125},"size":{"width":135.15625,"height":17.15625},"resizedByUser":false},"8893a3d8-b2db-36b0-ae0a-4cc3ad81f25b":{"id":"8893a3d8-b2db-36b0-ae0a-4cc3ad81f25b","position":{"x":3.0,"y":44.875},"size":{"width":135.15625,"height":17.15625},"resizedByUser":false},"a58b8f4f-110d-38bf-a10b-bc34f895c0c8":{"id":"a58b8f4f-110d-38bf-a10b-bc34f895c0c8","position":{"x":163.48060916165736,"y":-142.5853357214272},"size":{"width":150.0,"height":70.0},"resizedByUser":false},"1c45b97a-9829-316b-97b8-192902077aa4":{"id":"1c45b97a-9829-316b-97b8-192902077aa4","position":{"x":477.71765399345736,"y":-248.13097322675915},"size":{"width":150.0,"height":70.0},"resizedByUser":false}},"edgeLayoutData":{},"labelLayoutData":{}}}}