{"id":"14451221-5a90-480e-a1cd-c9797a64a5dd","projectId":"e828422d-8898-43cb-aa7c-e2ac4da36d1b","descriptionId":"ab6d8e47-3ffa-3c08-bbd0-eb1d57d7fcd7","targetObjectId":"3d073e76-a2b5-41ca-8990-f39170d9f74c","label":"FormDescriptionEditor","kind":"siriusComponents://representation?type=FormDescriptionEditor","representation":{"id":"14451221-5a90-480e-a1cd-c9797a64a5dd","kind":"siriusComponents://representation?type=FormDescriptionEditor","label":"FormDescriptionEditor","targetObjectId":"3d073e76-a2b5-41ca-8990-f39170d9f74c","descriptionId":"ab6d8e47-3ffa-3c08-bbd0-eb1d57d7fcd7","pages":[]}}