{"id":"60f3d8e3-6edf-4a34-86c8-fc7741597f9a","projectId":"9f5bcb4f-3472-4c34-b47d-23ae3b923704","descriptionId":"siriusComponents://representationDescription?kind=formDescription&sourceKind=view&sourceId=295abaf0-877e-4cb5-b22b-1eb0256e3415&sourceElementId=3d073e76-a2b5-41ca-8990-f39170d9f74c","targetObjectId":"84f90a19-af91-4cfe-a577-249272db72b4","label":"New Cart Representation","kind":"siriusComponents://representation?type=Form","representation":{"id":"60f3d8e3-6edf-4a34-86c8-fc7741597f9a","kind":"siriusComponents://representation?type=Form","label":"New Cart Representation","targetObjectId":"84f90a19-af91-4cfe-a577-249272db72b4","descriptionId":"siriusComponents://representationDescription?kind=formDescription&sourceKind=view&sourceId=295abaf0-877e-4cb5-b22b-1eb0256e3415&sourceElementId=3d073e76-a2b5-41ca-8990-f39170d9f74c","pages":[]}}