{"id":"9cdb95fc-3d7c-4ec5-9485-d579750862be","projectId":"9f5bcb4f-3472-4c34-b47d-23ae3b923704","descriptionId":"siriusComponents://representationDescription?kind=diagramDescription&sourceKind=view&sourceId=295abaf0-877e-4cb5-b22b-1eb0256e3415&sourceElementId=de65b5a1-f421-496b-9ace-c908792ada87","targetObjectId":"47449f03-b1c2-4239-b7e2-3f046face2b8","label":"New Tax System Representation","kind":"siriusComponents://representation?type=Diagram","representation":{"id":"9cdb95fc-3d7c-4ec5-9485-d579750862be","kind":"siriusComponents://representation?type=Diagram","targetObjectId":"47449f03-b1c2-4239-b7e2-3f046face2b8","descriptionId":"siriusComponents://representationDescription?kind=diagramDescription&sourceKind=view&sourceId=295abaf0-877e-4cb5-b22b-1eb0256e3415&sourceElementId=de65b5a1-f421-496b-9ace-c908792ada87","label":"New Tax System Representation","position":{"x":0.0,"y":0.0},"size":{"width":1817.29888938451,"height":499.5},"nodes":[{"id":"db0c3d77-8ccd-36e2-9887-b759f2dc2726","type":"node:image","targetObjectId":"b402909e-a30c-4964-ad8d-41d42f5e870b","targetObjectKind":"siriusComponents://semantic?domain=tax&entity=Jurisdiction","targetObjectLabel":"France","descriptionId":"siriusComponents://nodeDescription?sourceKind=view&sourceId=295abaf0-877e-4cb5-b22b-1eb0256e3415&sourceElementId=b9eb0569-2788-4ebb-a1b7-01ad116ef2fb","borderNode":false,"modifiers":[],"state":"Normal","collapsingState":"EXPANDED","insideLabel":{"id":"a6a8959d-27eb-3304-9500-a94d2398735d","type":"label:outside-center","text":"France","insideLabelLocation":"TOP_CENTER","position":{"x":-16.7861328125,"y":-21.0986328125},"size":{"width":43.572265625,"height":16.0986328125},"alignment":{"x":0.0,"y":12.673828125},"style":{"color":"theme.palette.text.primary","fontSize":14,"bold":false,"italic":false,"underline":false,"strikeThrough":false,"iconURL":[]},"isHeader":false,"displayHeaderSeparator":false},"outsideLabels":[],"style":{"imageURL":"/custom/20c4a456-6e6f-4ced-bf86-2dde341edf27","scalingFactor":1,"borderColor":"transparent","borderSize":1,"borderRadius":3,"borderStyle":"Solid","positionDependentRotation":false},"childrenLayoutStrategy":{"kind":"FreeForm"},"position":{"x":904.0,"y":445.5},"size":{"width":10.0,"height":10.0},"userResizable":true,"borderNodes":[],"childNodes":[],"customizedProperties":[],"defaultWidth":null,"defaultHeight":null,"labelEditable":true,"pinned":false},{"id":"88779414-d206-36b6-b2e6-02df4bb21425","type":"node:image","targetObjectId":"ef425376-8ba3-48a4-8e7e-c5b0b31b5faa","targetObjectKind":"siriusComponents://semantic?domain=tax&entity=Jurisdiction","targetObjectLabel":"Germany","descriptionId":"siriusComponents://nodeDescription?sourceKind=view&sourceId=295abaf0-877e-4cb5-b22b-1eb0256e3415&sourceElementId=b9eb0569-2788-4ebb-a1b7-01ad116ef2fb","borderNode":false,"modifiers":[],"state":"Normal","collapsingState":"EXPANDED","insideLabel":{"id":"255900f6-2426-3c21-b729-01710ad973eb","type":"label:outside-center","text":"Germany","insideLabelLocation":"TOP_CENTER","position":{"x":-23.7861328125,"y":-21.0986328125},"size":{"width":57.572265625,"height":16.0986328125},"alignment":{"x":0.0,"y":12.673828125},"style":{"color":"theme.palette.text.primary","fontSize":14,"bold":false,"italic":false,"underline":false,"strikeThrough":false,"iconURL":[]},"isHeader":false,"displayHeaderSeparator":false},"outsideLabels":[],"style":{"imageURL":"/custom/20c4a456-6e6f-4ced-bf86-2dde341edf27","scalingFactor":1,"borderColor":"transparent","borderSize":1,"borderRadius":3,"borderStyle":"Solid","positionDependentRotation":false},"childrenLayoutStrategy":{"kind":"FreeForm"},"position":{"x":1113.5661414220292,"y":348.29743159064566},"size":{"width":10.0,"height":10.0},"userResizable":true,"borderNodes":[],"childNodes":[],"customizedProperties":[],"defaultWidth":null,"defaultHeight":null,"labelEditable":true,"pinned":false},{"id":"968b9095-4841-3d6b-9d7c-cf05621e9bb7","type":"node:rectangle","targetObjectId":"588be0eb-045d-4974-b0bd-2eff65ccf241","targetObjectKind":"siriusComponents://semantic?domain=tax&entity=TaxCategory","targetObjectLabel":"Food tax","descriptionId":"siriusComponents://nodeDescription?sourceKind=view&sourceId=295abaf0-877e-4cb5-b22b-1eb0256e3415&sourceElementId=42b03e96-e0bb-481b-b8dd-a02ee1713cf4","borderNode":false,"modifiers":[],"state":"Normal","collapsingState":"EXPANDED","insideLabel":{"id":"6fd235ff-d226-3c73-9872-c42dbc4c738d","type":"label:inside-center","text":"Food tax","insideLabelLocation":"TOP_CENTER","position":{"x":47.76220703125,"y":5.0},"size":{"width":54.4755859375,"height":16.0986328125},"alignment":{"x":0.0,"y":12.673828125},"style":{"color":"#000000","fontSize":14,"bold":false,"italic":false,"underline":false,"strikeThrough":false,"iconURL":[]},"isHeader":true,"displayHeaderSeparator":false},"outsideLabels":[],"style":{"color":"#ffffff","borderColor":"#000000","borderSize":1,"borderRadius":3,"borderStyle":"Solid"},"childrenLayoutStrategy":{"areChildNodesDraggable":true,"kind":"List"},"position":{"x":1296.1855220867117,"y":120.31572999423722},"size":{"width":150.0,"height":70.0},"userResizable":true,"borderNodes":[],"childNodes":[{"id":"5d230a90-1bf3-33d0-b0f0-bb181557aed7","type":"node:icon-label","targetObjectId":"588be0eb-045d-4974-b0bd-2eff65ccf241","targetObjectKind":"siriusComponents://semantic?domain=tax&entity=TaxCategory","targetObjectLabel":"Food tax","descriptionId":"siriusComponents://nodeDescription?sourceKind=view&sourceId=295abaf0-877e-4cb5-b22b-1eb0256e3415&sourceElementId=a9fca480-ecfe-426b-b830-ce9888a10328","borderNode":false,"modifiers":[],"state":"Normal","collapsingState":"EXPANDED","insideLabel":{"id":"c112875d-0b3a-3d47-892d-f98a74fca7ae","type":"label:inside-center","text":"VAT percent: 6%","insideLabelLocation":"TOP_CENTER","position":{"x":5.0,"y":0.0},"size":{"width":75.5908203125,"height":11.4990234375},"alignment":{"x":0.0,"y":9.052734375},"style":{"color":"theme.palette.text.primary","fontSize":10,"bold":false,"italic":true,"underline":false,"strikeThrough":false,"iconURL":[]},"isHeader":false,"displayHeaderSeparator":false},"outsideLabels":[],"style":{"backgroundColor":"transparent"},"childrenLayoutStrategy":{"kind":"FreeForm"},"position":{"x":0.0,"y":32.0986328125},"size":{"width":150.0,"height":11.4990234375},"userResizable":true,"borderNodes":[],"childNodes":[],"customizedProperties":[],"defaultWidth":null,"defaultHeight":null,"labelEditable":true,"pinned":false}],"customizedProperties":[],"defaultWidth":null,"defaultHeight":null,"labelEditable":true,"pinned":false},{"id":"04ad42d9-2598-3834-9f93-ffcb500427d2","type":"node:rectangle","targetObjectId":"195ae546-81d1-4e12-865e-5c5036030404","targetObjectKind":"siriusComponents://semantic?domain=tax&entity=TaxCategory","targetObjectLabel":"Alcohol tax","descriptionId":"siriusComponents://nodeDescription?sourceKind=view&sourceId=295abaf0-877e-4cb5-b22b-1eb0256e3415&sourceElementId=42b03e96-e0bb-481b-b8dd-a02ee1713cf4","borderNode":false,"modifiers":[],"state":"Normal","collapsingState":"EXPANDED","insideLabel":{"id":"2cd6f394-1cc3-3c9d-8696-170616483e15","type":"label:inside-center","text":"Alcohol tax","insideLabelLocation":"TOP_CENTER","position":{"x":40.7587890625,"y":5.0},"size":{"width":68.482421875,"height":16.0986328125},"alignment":{"x":0.0,"y":12.673828125},"style":{"color":"#000000","fontSize":14,"bold":false,"italic":false,"underline":false,"strikeThrough":false,"iconURL":[]},"isHeader":true,"displayHeaderSeparator":false},"outsideLabels":[],"style":{"color":"#ffffff","borderColor":"#000000","borderSize":1,"borderRadius":3,"borderStyle":"Solid"},"childrenLayoutStrategy":{"areChildNodesDraggable":true,"kind":"List"},"position":{"x":1201.183519998894,"y":211.0341471948089},"size":{"width":150.0,"height":70.0},"userResizable":true,"borderNodes":[],"childNodes":[{"id":"f2585257-51de-3bf4-8a99-f7aa53916e93","type":"node:icon-label","targetObjectId":"195ae546-81d1-4e12-865e-5c5036030404","targetObjectKind":"siriusComponents://semantic?domain=tax&entity=TaxCategory","targetObjectLabel":"Alcohol tax","descriptionId":"siriusComponents://nodeDescription?sourceKind=view&sourceId=295abaf0-877e-4cb5-b22b-1eb0256e3415&sourceElementId=a9fca480-ecfe-426b-b830-ce9888a10328","borderNode":false,"modifiers":[],"state":"Normal","collapsingState":"EXPANDED","insideLabel":{"id":"7decbbfa-edfd-341c-8db4-12df4b1791ef","type":"label:inside-center","text":"VAT percent: 20%","insideLabelLocation":"TOP_CENTER","position":{"x":5.0,"y":0.0},"size":{"width":81.15234375,"height":11.4990234375},"alignment":{"x":0.0,"y":9.052734375},"style":{"color":"theme.palette.text.primary","fontSize":10,"bold":false,"italic":true,"underline":false,"strikeThrough":false,"iconURL":[]},"isHeader":false,"displayHeaderSeparator":false},"outsideLabels":[],"style":{"backgroundColor":"transparent"},"childrenLayoutStrategy":{"kind":"FreeForm"},"position":{"x":0.0,"y":32.0986328125},"size":{"width":150.0,"height":11.4990234375},"userResizable":true,"borderNodes":[],"childNodes":[],"customizedProperties":[],"defaultWidth":null,"defaultHeight":null,"labelEditable":true,"pinned":false}],"customizedProperties":[],"defaultWidth":null,"defaultHeight":null,"labelEditable":true,"pinned":false},{"id":"ef0a7314-6351-37a7-8cf5-1eac84db11c3","type":"node:rectangle","targetObjectId":"f64fd0fa-43bf-49bb-ba27-b4c86a7f5b0c","targetObjectKind":"siriusComponents://semantic?domain=tax&entity=TaxCategory","targetObjectLabel":"Food tax","descriptionId":"siriusComponents://nodeDescription?sourceKind=view&sourceId=295abaf0-877e-4cb5-b22b-1eb0256e3415&sourceElementId=42b03e96-e0bb-481b-b8dd-a02ee1713cf4","borderNode":false,"modifiers":[],"state":"Normal","collapsingState":"EXPANDED","insideLabel":{"id":"893b3f6b-fbd9-3cd1-95e9-aed7c1eb4f0d","type":"label:inside-center","text":"Food tax","insideLabelLocation":"TOP_CENTER","position":{"x":47.76220703125,"y":5.0},"size":{"width":54.4755859375,"height":16.0986328125},"alignment":{"x":0.0,"y":12.673828125},"style":{"color":"#000000","fontSize":14,"bold":false,"italic":false,"underline":false,"strikeThrough":false,"iconURL":[]},"isHeader":true,"displayHeaderSeparator":false},"outsideLabels":[],"style":{"color":"#ffffff","borderColor":"#000000","borderSize":1,"borderRadius":3,"borderStyle":"Solid"},"childrenLayoutStrategy":{"areChildNodesDraggable":true,"kind":"List"},"position":{"x":1257.8127269106835,"y":411.36628498611793},"size":{"width":150.0,"height":70.0},"userResizable":true,"borderNodes":[],"childNodes":[{"id":"3c084fad-74ee-39fd-9582-0d768aac31f1","type":"node:icon-label","targetObjectId":"f64fd0fa-43bf-49bb-ba27-b4c86a7f5b0c","targetObjectKind":"siriusComponents://semantic?domain=tax&entity=TaxCategory","targetObjectLabel":"Food tax","descriptionId":"siriusComponents://nodeDescription?sourceKind=view&sourceId=295abaf0-877e-4cb5-b22b-1eb0256e3415&sourceElementId=a9fca480-ecfe-426b-b830-ce9888a10328","borderNode":false,"modifiers":[],"state":"Normal","collapsingState":"EXPANDED","insideLabel":{"id":"21318d12-d125-3cbc-b0b6-042866fc9d17","type":"label:inside-center","text":"VAT percent: 7%","insideLabelLocation":"TOP_CENTER","position":{"x":5.0,"y":0.0},"size":{"width":75.5908203125,"height":11.4990234375},"alignment":{"x":0.0,"y":9.052734375},"style":{"color":"theme.palette.text.primary","fontSize":10,"bold":false,"italic":true,"underline":false,"strikeThrough":false,"iconURL":[]},"isHeader":false,"displayHeaderSeparator":false},"outsideLabels":[],"style":{"backgroundColor":"transparent"},"childrenLayoutStrategy":{"kind":"FreeForm"},"position":{"x":0.0,"y":32.0986328125},"size":{"width":150.0,"height":11.4990234375},"userResizable":true,"borderNodes":[],"childNodes":[],"customizedProperties":[],"defaultWidth":null,"defaultHeight":null,"labelEditable":true,"pinned":false}],"customizedProperties":[],"defaultWidth":null,"defaultHeight":null,"labelEditable":true,"pinned":false},{"id":"5e7b3389-dd25-357c-bae0-674513bd2c4d","type":"node:image","targetObjectId":"4b549d51-746e-4a32-9294-17b6c7dffd36","targetObjectKind":"siriusComponents://semantic?domain=tax&entity=Product","targetObjectLabel":"Apples (1kg)","descriptionId":"siriusComponents://nodeDescription?sourceKind=view&sourceId=295abaf0-877e-4cb5-b22b-1eb0256e3415&sourceElementId=1a8e1c32-c018-466a-a4b7-c7efcd4e6c95","borderNode":false,"modifiers":[],"state":"Normal","collapsingState":"EXPANDED","insideLabel":{"id":"a8f269c3-65a1-311c-a8b3-508a4b6331ee","type":"label:outside-center","text":"Apples (1kg): 3€","insideLabelLocation":"TOP_CENTER","position":{"x":-45.97216796875,"y":-21.0986328125},"size":{"width":101.9443359375,"height":16.0986328125},"alignment":{"x":0.0,"y":12.673828125},"style":{"color":"#000000","fontSize":14,"bold":false,"italic":false,"underline":false,"strikeThrough":false,"iconURL":[]},"isHeader":false,"displayHeaderSeparator":false},"outsideLabels":[],"style":{"imageURL":"/custom/258b3ad1-8689-4250-870d-45bf9afc96e2","scalingFactor":1,"borderColor":"transparent","borderSize":1,"borderRadius":3,"borderStyle":"Solid","positionDependentRotation":false},"childrenLayoutStrategy":null,"position":{"x":1264.325493894905,"y":306.3524355857328},"size":{"width":10.0,"height":10.0},"userResizable":true,"borderNodes":[],"childNodes":[],"customizedProperties":[],"defaultWidth":null,"defaultHeight":null,"labelEditable":true,"pinned":false},{"id":"57454cfe-535d-30ba-bcdf-d4e75a098f63","type":"node:image","targetObjectId":"8be306ab-f406-47ce-a448-6616f64f2bda","targetObjectKind":"siriusComponents://semantic?domain=tax&entity=Product","targetObjectLabel":"Wine","descriptionId":"siriusComponents://nodeDescription?sourceKind=view&sourceId=295abaf0-877e-4cb5-b22b-1eb0256e3415&sourceElementId=1a8e1c32-c018-466a-a4b7-c7efcd4e6c95","borderNode":false,"modifiers":[],"state":"Normal","collapsingState":"EXPANDED","insideLabel":{"id":"fc3a75b4-6bfe-3696-aaad-192da9485881","type":"label:outside-center","text":"Wine: 12€","insideLabelLocation":"TOP_CENTER","position":{"x":-26.51708984375,"y":-21.0986328125},"size":{"width":63.0341796875,"height":16.0986328125},"alignment":{"x":0.0,"y":12.673828125},"style":{"color":"#000000","fontSize":14,"bold":false,"italic":false,"underline":false,"strikeThrough":false,"iconURL":[]},"isHeader":false,"displayHeaderSeparator":false},"outsideLabels":[],"style":{"imageURL":"/custom/20b16974-c059-4f95-8be2-c8fe4a4a9c4f","scalingFactor":1,"borderColor":"transparent","borderSize":1,"borderRadius":3,"borderStyle":"Solid","positionDependentRotation":false},"childrenLayoutStrategy":null,"position":{"x":1795.29888938451,"y":125.2727235805673},"size":{"width":10.0,"height":10.0},"userResizable":true,"borderNodes":[],"childNodes":[],"customizedProperties":[],"defaultWidth":null,"defaultHeight":null,"labelEditable":true,"pinned":false},{"id":"dfb3ee19-467c-3130-b23b-91a0c07bde5a","type":"node:image","targetObjectId":"71039bb4-0fe3-43ce-9b67-9434d3747456","targetObjectKind":"siriusComponents://semantic?domain=tax&entity=Customer","targetObjectLabel":"Alice","descriptionId":"siriusComponents://nodeDescription?sourceKind=view&sourceId=295abaf0-877e-4cb5-b22b-1eb0256e3415&sourceElementId=3b41b8a2-72ff-4918-9eb3-c30433c43e46","borderNode":false,"modifiers":[],"state":"Normal","collapsingState":"EXPANDED","insideLabel":{"id":"9ea01fa6-a78a-3ca0-afdc-a09ab159d141","type":"label:outside-center","text":"Alice","insideLabelLocation":"TOP_CENTER","position":{"x":-10.17236328125,"y":-21.0986328125},"size":{"width":30.3447265625,"height":16.0986328125},"alignment":{"x":0.0,"y":12.673828125},"style":{"color":"theme.palette.text.primary","fontSize":14,"bold":false,"italic":false,"underline":false,"strikeThrough":false,"iconURL":[]},"isHeader":false,"displayHeaderSeparator":false},"outsideLabels":[],"style":{"imageURL":"/custom/d4bd6487-8688-4d0c-8aa8-6bb45fe79533","scalingFactor":1,"borderColor":"transparent","borderSize":1,"borderRadius":3,"borderStyle":"Solid","positionDependentRotation":false},"childrenLayoutStrategy":{"kind":"FreeForm"},"position":{"x":1207.0,"y":477.5},"size":{"width":10.0,"height":10.0},"userResizable":true,"borderNodes":[],"childNodes":[],"customizedProperties":[],"defaultWidth":null,"defaultHeight":null,"labelEditable":true,"pinned":false},{"id":"04eec152-18bb-3318-86a1-d1b6dd34fabc","type":"node:image","targetObjectId":"4028d800-60f5-482f-988e-cf90efc2200e","targetObjectKind":"siriusComponents://semantic?domain=tax&entity=Customer","targetObjectLabel":"Bob","descriptionId":"siriusComponents://nodeDescription?sourceKind=view&sourceId=295abaf0-877e-4cb5-b22b-1eb0256e3415&sourceElementId=3b41b8a2-72ff-4918-9eb3-c30433c43e46","borderNode":false,"modifiers":[],"state":"Normal","collapsingState":"EXPANDED","insideLabel":{"id":"4e1ed959-5dee-3ff7-af14-dbd4d9b0e041","type":"label:outside-center","text":"Bob","insideLabelLocation":"TOP_CENTER","position":{"x":-7.455078125,"y":-21.0986328125},"size":{"width":24.91015625,"height":16.0986328125},"alignment":{"x":0.0,"y":12.673828125},"style":{"color":"theme.palette.text.primary","fontSize":14,"bold":false,"italic":false,"underline":false,"strikeThrough":false,"iconURL":[]},"isHeader":false,"displayHeaderSeparator":false},"outsideLabels":[],"style":{"imageURL":"/custom/d4bd6487-8688-4d0c-8aa8-6bb45fe79533","scalingFactor":1,"borderColor":"transparent","borderSize":1,"borderRadius":3,"borderStyle":"Solid","positionDependentRotation":false},"childrenLayoutStrategy":{"kind":"FreeForm"},"position":{"x":801.34409490979,"y":445.0862660094397},"size":{"width":10.0,"height":10.0},"userResizable":true,"borderNodes":[],"childNodes":[],"customizedProperties":[],"defaultWidth":null,"defaultHeight":null,"labelEditable":true,"pinned":false}],"edges":[{"id":"b5390b31-de59-3b51-b777-241c12ad84c8","type":"edge:straight","targetObjectId":"b402909e-a30c-4964-ad8d-41d42f5e870b","targetObjectKind":"siriusComponents://semantic?domain=tax&entity=Jurisdiction","targetObjectLabel":"France","descriptionId":"siriusComponents://edgeDescription?sourceKind=view&sourceId=295abaf0-877e-4cb5-b22b-1eb0256e3415&sourceElementId=815809ba-fa2e-4f58-aa22-cc0b2e4308dd","beginLabel":null,"centerLabel":null,"endLabel":null,"sourceId":"db0c3d77-8ccd-36e2-9887-b759f2dc2726","targetId":"968b9095-4841-3d6b-9d7c-cf05621e9bb7","modifiers":[],"state":"Normal","style":{"size":1,"lineStyle":"Solid","sourceArrow":"None","targetArrow":"InputArrow","color":"#000000"},"routingPoints":[],"sourceAnchorRelativePosition":{"x":0.5,"y":0.5},"targetAnchorRelativePosition":{"x":0.5,"y":0.5}},{"id":"013e53b4-7799-3582-931b-944fe3eb974d","type":"edge:straight","targetObjectId":"b402909e-a30c-4964-ad8d-41d42f5e870b","targetObjectKind":"siriusComponents://semantic?domain=tax&entity=Jurisdiction","targetObjectLabel":"France","descriptionId":"siriusComponents://edgeDescription?sourceKind=view&sourceId=295abaf0-877e-4cb5-b22b-1eb0256e3415&sourceElementId=815809ba-fa2e-4f58-aa22-cc0b2e4308dd","beginLabel":null,"centerLabel":null,"endLabel":null,"sourceId":"db0c3d77-8ccd-36e2-9887-b759f2dc2726","targetId":"04ad42d9-2598-3834-9f93-ffcb500427d2","modifiers":[],"state":"Normal","style":{"size":1,"lineStyle":"Solid","sourceArrow":"None","targetArrow":"InputArrow","color":"#000000"},"routingPoints":[],"sourceAnchorRelativePosition":{"x":0.5,"y":0.5},"targetAnchorRelativePosition":{"x":0.5,"y":0.5}},{"id":"6145c2d4-609c-3e6c-802f-e355a00e7f03","type":"edge:straight","targetObjectId":"ef425376-8ba3-48a4-8e7e-c5b0b31b5faa","targetObjectKind":"siriusComponents://semantic?domain=tax&entity=Jurisdiction","targetObjectLabel":"Germany","descriptionId":"siriusComponents://edgeDescription?sourceKind=view&sourceId=295abaf0-877e-4cb5-b22b-1eb0256e3415&sourceElementId=815809ba-fa2e-4f58-aa22-cc0b2e4308dd","beginLabel":null,"centerLabel":null,"endLabel":null,"sourceId":"88779414-d206-36b6-b2e6-02df4bb21425","targetId":"ef0a7314-6351-37a7-8cf5-1eac84db11c3","modifiers":[],"state":"Normal","style":{"size":1,"lineStyle":"Solid","sourceArrow":"None","targetArrow":"InputArrow","color":"#000000"},"routingPoints":[],"sourceAnchorRelativePosition":{"x":0.5,"y":0.5},"targetAnchorRelativePosition":{"x":0.5,"y":0.5}},{"id":"9f8f7746-1f55-3426-ab95-139d3719be92","type":"edge:straight","targetObjectId":"71039bb4-0fe3-43ce-9b67-9434d3747456","targetObjectKind":"siriusComponents://semantic?domain=tax&entity=Customer","targetObjectLabel":"Alice","descriptionId":"siriusComponents://edgeDescription?sourceKind=view&sourceId=295abaf0-877e-4cb5-b22b-1eb0256e3415&sourceElementId=6bbb9e27-7201-4c1c-babf-662b25ac4bfd","beginLabel":{"id":"427f6437-c005-3783-9bee-6dfa517be13b","type":"label:edge-begin","text":"is under the jurisdiction of","position":{"x":-1.0,"y":-1.0},"size":{"width":158.7509765625,"height":16.0986328125},"alignment":{"x":0.0,"y":12.673828125},"style":{"color":"#000000","fontSize":14,"bold":false,"italic":false,"underline":false,"strikeThrough":false,"iconURL":[]}},"centerLabel":null,"endLabel":null,"sourceId":"dfb3ee19-467c-3130-b23b-91a0c07bde5a","targetId":"db0c3d77-8ccd-36e2-9887-b759f2dc2726","modifiers":[],"state":"Normal","style":{"size":1,"lineStyle":"Solid","sourceArrow":"None","targetArrow":"InputArrow","color":"#000000"},"routingPoints":[],"sourceAnchorRelativePosition":{"x":-120.7,"y":-47.75},"targetAnchorRelativePosition":{"x":-90.4,"y":-44.55}},{"id":"2eaa9c08-0da1-33a6-a0ed-6f7b4817783d","type":"edge:straight","targetObjectId":"4028d800-60f5-482f-988e-cf90efc2200e","targetObjectKind":"siriusComponents://semantic?domain=tax&entity=Customer","targetObjectLabel":"Bob","descriptionId":"siriusComponents://edgeDescription?sourceKind=view&sourceId=295abaf0-877e-4cb5-b22b-1eb0256e3415&sourceElementId=6bbb9e27-7201-4c1c-babf-662b25ac4bfd","beginLabel":{"id":"2eb3add5-0d88-33b7-ab90-b5c02f89a3e6","type":"label:edge-begin","text":"is under the jurisdiction of","position":{"x":-1.0,"y":-1.0},"size":{"width":158.7509765625,"height":16.0986328125},"alignment":{"x":0.0,"y":12.673828125},"style":{"color":"#000000","fontSize":14,"bold":false,"italic":false,"underline":false,"strikeThrough":false,"iconURL":[]}},"centerLabel":null,"endLabel":null,"sourceId":"04eec152-18bb-3318-86a1-d1b6dd34fabc","targetId":"88779414-d206-36b6-b2e6-02df4bb21425","modifiers":[],"state":"Normal","style":{"size":1,"lineStyle":"Solid","sourceArrow":"None","targetArrow":"InputArrow","color":"#000000"},"routingPoints":[],"sourceAnchorRelativePosition":{"x":-80.134409490979,"y":-44.50862660094397},"targetAnchorRelativePosition":{"x":-111.35661414220291,"y":-34.82974315906456}},{"id":"836659e7-ba3b-3c34-b99f-b97594fb4a53","type":"edge:straight","targetObjectId":"588be0eb-045d-4974-b0bd-2eff65ccf241","targetObjectKind":"siriusComponents://semantic?domain=tax&entity=TaxCategory","targetObjectLabel":"Food tax","descriptionId":"siriusComponents://edgeDescription?sourceKind=view&sourceId=295abaf0-877e-4cb5-b22b-1eb0256e3415&sourceElementId=e0bfe800-f742-49fc-8001-044f603ac49b","beginLabel":{"id":"9556c1ae-b9b6-3972-ad4b-73e00f56555a","type":"label:edge-begin","text":"contains","position":{"x":-1.0,"y":-1.0},"size":{"width":52.14453125,"height":16.0986328125},"alignment":{"x":0.0,"y":12.673828125},"style":{"color":"#000000","fontSize":14,"bold":false,"italic":false,"underline":false,"strikeThrough":false,"iconURL":[]}},"centerLabel":null,"endLabel":null,"sourceId":"968b9095-4841-3d6b-9d7c-cf05621e9bb7","targetId":"5e7b3389-dd25-357c-bae0-674513bd2c4d","modifiers":[],"state":"Normal","style":{"size":1,"lineStyle":"Solid","sourceArrow":"None","targetArrow":"InputArrow","color":"#000000"},"routingPoints":[],"sourceAnchorRelativePosition":{"x":-8.21861569101868,"y":-2.5835791060309115},"targetAnchorRelativePosition":{"x":-126.4325493894905,"y":-30.63524355857328}},{"id":"fac48d64-dd4d-32a7-acf8-da3fde8e3707","type":"edge:straight","targetObjectId":"195ae546-81d1-4e12-865e-5c5036030404","targetObjectKind":"siriusComponents://semantic?domain=tax&entity=TaxCategory","targetObjectLabel":"Alcohol tax","descriptionId":"siriusComponents://edgeDescription?sourceKind=view&sourceId=295abaf0-877e-4cb5-b22b-1eb0256e3415&sourceElementId=e0bfe800-f742-49fc-8001-044f603ac49b","beginLabel":{"id":"accb8c51-094a-3ed7-a202-9dfba331d2ac","type":"label:edge-begin","text":"contains","position":{"x":-1.0,"y":-1.0},"size":{"width":52.14453125,"height":16.0986328125},"alignment":{"x":0.0,"y":12.673828125},"style":{"color":"#000000","fontSize":14,"bold":false,"italic":false,"underline":false,"strikeThrough":false,"iconURL":[]}},"centerLabel":null,"endLabel":null,"sourceId":"04ad42d9-2598-3834-9f93-ffcb500427d2","targetId":"57454cfe-535d-30ba-bcdf-d4e75a098f63","modifiers":[],"state":"Normal","style":{"size":1,"lineStyle":"Solid","sourceArrow":"None","targetArrow":"InputArrow","color":"#000000"},"routingPoints":[],"sourceAnchorRelativePosition":{"x":-8.00789013332596,"y":-3.014773531354413},"targetAnchorRelativePosition":{"x":-179.529888938451,"y":-12.527272358056731}},{"id":"eb2108d8-6214-3010-854d-9584a5333e4b","type":"edge:straight","targetObjectId":"f64fd0fa-43bf-49bb-ba27-b4c86a7f5b0c","targetObjectKind":"siriusComponents://semantic?domain=tax&entity=TaxCategory","targetObjectLabel":"Food tax","descriptionId":"siriusComponents://edgeDescription?sourceKind=view&sourceId=295abaf0-877e-4cb5-b22b-1eb0256e3415&sourceElementId=e0bfe800-f742-49fc-8001-044f603ac49b","beginLabel":{"id":"9d4110f0-c673-35c9-9094-653f44d39cda","type":"label:edge-begin","text":"contains","position":{"x":-1.0,"y":-1.0},"size":{"width":52.14453125,"height":16.0986328125},"alignment":{"x":0.0,"y":12.673828125},"style":{"color":"#000000","fontSize":14,"bold":false,"italic":false,"underline":false,"strikeThrough":false,"iconURL":[]}},"centerLabel":null,"endLabel":null,"sourceId":"ef0a7314-6351-37a7-8cf5-1eac84db11c3","targetId":"5e7b3389-dd25-357c-bae0-674513bd2c4d","modifiers":[],"state":"Normal","style":{"size":1,"lineStyle":"Solid","sourceArrow":"None","targetArrow":"InputArrow","color":"#000000"},"routingPoints":[],"sourceAnchorRelativePosition":{"x":-8.385418179404557,"y":-5.876661214087399},"targetAnchorRelativePosition":{"x":-126.4325493894905,"y":-30.63524355857328}}],"layoutData":{"nodeLayoutData":{"f2585257-51de-3bf4-8a99-f7aa53916e93":{"id":"f2585257-51de-3bf4-8a99-f7aa53916e93","position":{"x":1.0,"y":37.015625},"size":{"width":95.609375,"height":14.296875},"resizedByUser":false},"57454cfe-535d-30ba-bcdf-d4e75a098f63":{"id":"57454cfe-535d-30ba-bcdf-d4e75a098f63","position":{"x":1724.4524959640498,"y":45.7258958804012},"size":{"width":150.0,"height":70.0},"resizedByUser":false},"ef0a7314-6351-37a7-8cf5-1eac84db11c3":{"id":"ef0a7314-6351-37a7-8cf5-1eac84db11c3","position":{"x":1465.9523468190864,"y":364.67535032629524},"size":{"width":150.0,"height":70.0},"resizedByUser":false},"dfb3ee19-467c-3130-b23b-91a0c07bde5a":{"id":"dfb3ee19-467c-3130-b23b-91a0c07bde5a","position":{"x":811.998307546083,"y":158.47482418346328},"size":{"width":150.0,"height":70.0},"resizedByUser":false},"db0c3d77-8ccd-36e2-9887-b759f2dc2726":{"id":"db0c3d77-8ccd-36e2-9887-b759f2dc2726","position":{"x":1158.222940856214,"y":158.43371951579445},"size":{"width":150.0,"height":70.0},"resizedByUser":false},"968b9095-4841-3d6b-9d7c-cf05621e9bb7":{"id":"968b9095-4841-3d6b-9d7c-cf05621e9bb7","position":{"x":1470.7966928659403,"y":158.57727893643084},"size":{"width":150.0,"height":70.0},"resizedByUser":false},"04ad42d9-2598-3834-9f93-ffcb500427d2":{"id":"04ad42d9-2598-3834-9f93-ffcb500427d2","position":{"x":1466.788007271827,"y":45.988009764158534},"size":{"width":150.0,"height":70.0},"resizedByUser":false},"88779414-d206-36b6-b2e6-02df4bb21425":{"id":"88779414-d206-36b6-b2e6-02df4bb21425","position":{"x":1153.5305633755956,"y":365.15742210230655},"size":{"width":150.0,"height":70.0},"resizedByUser":false},"5d230a90-1bf3-33d0-b0f0-bb181557aed7":{"id":"5d230a90-1bf3-33d0-b0f0-bb181557aed7","position":{"x":1.0,"y":37.015625},"size":{"width":80.984375,"height":14.296875},"resizedByUser":false},"3c084fad-74ee-39fd-9582-0d768aac31f1":{"id":"3c084fad-74ee-39fd-9582-0d768aac31f1","position":{"x":1.0,"y":37.015625},"size":{"width":80.984375,"height":14.296875},"resizedByUser":false},"5e7b3389-dd25-357c-bae0-674513bd2c4d":{"id":"5e7b3389-dd25-357c-bae0-674513bd2c4d","position":{"x":1718.8571064765667,"y":263.33419899703716},"size":{"width":150.0,"height":70.0},"resizedByUser":false},"04eec152-18bb-3318-86a1-d1b6dd34fabc":{"id":"04eec152-18bb-3318-86a1-d1b6dd34fabc","position":{"x":804.4663153749124,"y":365.15742210230655},"size":{"width":150.0,"height":70.0},"resizedByUser":false}},"edgeLayoutData":{},"labelLayoutData":{}}}}