{"json":{"version":"1.0","encoding":"utf-8"},"ns":{"domain":"http://www.eclipse.org/sirius-web/domain"},"content":[{"id":"cd2f41b8-85e4-4664-9ca1-96466333c3fd","eClass":"domain:Domain","data":{"name":"tax","types":[{"id":"26a85947-acb1-42fd-8bd3-586101c60f26","eClass":"domain:Entity","data":{"name":"Jurisdiction","attributes":[{"id":"ee0eddce-d1c3-46a5-ad91-d2b9a47902b7","eClass":"domain:Attribute","data":{"name":"name"}}],"relations":[{"id":"c6b3f32f-c2f4-45eb-9a5a-029e0d2f3095","eClass":"domain:Relation","data":{"name":"taxes","optional":false,"many":true,"containment":true,"targetType":"//@types.1"}}]}},{"id":"8cc0443d-a07a-4c21-9f07-5cb6177042ac","eClass":"domain:Entity","data":{"name":"TaxCategory","attributes":[{"id":"a50c32d7-e91f-41df-8451-6e7ab91f4294","eClass":"domain:Attribute","data":{"name":"name","optional":false}},{"id":"234fd660-56ec-418f-8f85-2be974175413","eClass":"domain:Attribute","data":{"name":"tax","optional":false,"type":"NUMBER"}}],"relations":[{"id":"114a6db3-95ee-4b26-9877-a4ef32306966","eClass":"domain:Relation","data":{"name":"products","many":true,"targetType":"//@types.2"}}]}},{"id":"f22c36f4-03f4-4602-b044-58128de33e5d","eClass":"domain:Entity","data":{"name":"Product","attributes":[{"id":"4db60bb2-caee-4973-98fa-2387a4576aff","eClass":"domain:Attribute","data":{"name":"name","optional":false}},{"id":"5563f966-e81e-49b1-84e1-b5a7c77521d7","eClass":"domain:Attribute","data":{"name":"price","optional":false,"type":"NUMBER"}}]}},{"id":"2a68e161-6223-4854-9d97-f138db104084","eClass":"domain:Entity","data":{"name":"World","relations":[{"id":"12638326-7ccc-494b-86b5-4afef089dc51","eClass":"domain:Relation","data":{"name":"jurisdictions","many":true,"containment":true,"targetType":"//@types.0"}},{"id":"67abeebc-b71b-45d0-8c9c-ba4c10856bae","eClass":"domain:Relation","data":{"name":"products","many":true,"containment":true,"targetType":"//@types.2"}},{"id":"6e56c237-e210-4b2b-8316-5ff47a122b58","eClass":"domain:Relation","data":{"name":"customers","many":true,"containment":true,"targetType":"//@types.4"}}]}},{"id":"fbfcded7-baf2-4c63-87a4-6449a8c0aecc","eClass":"domain:Entity","data":{"name":"Customer","attributes":[{"id":"86d1a63f-ab3e-4113-b6bd-7b50dd2d1996","eClass":"domain:Attribute","data":{"name":"name","optional":false}}],"relations":[{"id":"bb7ff687-b55c-4505-bc98-8a4e249d6173","eClass":"domain:Relation","data":{"name":"jurisdiction","optional":false,"targetType":"//@types.0"}},{"id":"c10f3938-c55d-4fab-a950-d3c846ca3bfb","eClass":"domain:Relation","data":{"name":"cart","containment":true,"targetType":"//@types.5"}}]}},{"id":"4830964e-0819-4c86-8771-cfce5ad4d509","eClass":"domain:Entity","data":{"name":"Cart","relations":[{"id":"fb2831d0-e6ac-45d6-bc0c-977d933d4f41","eClass":"domain:Relation","data":{"name":"products","many":true,"targetType":"//@types.2"}}]}}]}}]}