{"json":{"version":"1.0","encoding":"utf-8"},"ns":{"diagram":"http://www.eclipse.org/sirius-web/diagram","form":"http://www.eclipse.org/sirius-web/form","reference":"https://www.eclipse.org/sirius/widgets/reference","view":"http://www.eclipse.org/sirius-web/view"},"content":[{"id":"ff6e1900-105b-4c59-a3b4-46a1aab5f0cc","eClass":"view:View","data":{"descriptions":[{"id":"de65b5a1-f421-496b-9ace-c908792ada87","eClass":"diagram:DiagramDescription","data":{"name":"New Diagram Description","domainType":"tax::World","titleExpression":"aql:'New Tax System Representation'","palette":{"id":"482cacd0-be1b-4503-b5e2-38ebdd8e08c7","eClass":"diagram:DiagramPalette","data":{"nodeTools":[{"id":"6db50fec-8a34-4c19-ba52-dd801d58a362","eClass":"diagram:NodeTool","data":{"name":"Create Jurisdiction","body":[{"id":"f55c539d-c741-455a-99cb-611d461c2881","eClass":"view:CreateInstance","data":{"typeName":"tax::Jurisdiction","referenceName":"jurisdictions"}}]}},{"id":"263f0d63-8005-4c6a-8ac5-898f8fe4e66f","eClass":"diagram:NodeTool","data":{"name":"Create Customer","body":[{"id":"83f9f4cb-879f-4a81-9bea-4e2a83be6b5b","eClass":"view:CreateInstance","data":{"children":[{"id":"17488133-9218-46dc-813d-0a7e419d4418","eClass":"view:ChangeContext","data":{"children":[{"id":"f6564a8c-7f11-4b3f-b181-99c3c020567f","eClass":"view:CreateInstance","data":{"typeName":"tax::Cart","referenceName":"cart"}}],"expression":"aql:newCustomer"}}],"typeName":"tax::Customer","referenceName":"customers","variableName":"newCustomer"}}]}},{"id":"d33a8de9-3ac7-42b1-a7e0-ae4da8060d60","eClass":"diagram:NodeTool","data":{"name":"Create Product","body":[{"id":"40cd0294-98da-497f-b0d4-3706a21b9c46","eClass":"view:CreateInstance","data":{"typeName":"tax::Product","referenceName":"products"}}]}}]}},"nodeDescriptions":[{"id":"b9eb0569-2788-4ebb-a1b7-01ad116ef2fb","eClass":"diagram:NodeDescription","data":{"name":"Jurisdiction Node","domainType":"tax::Jurisdiction","semanticCandidatesExpression":"aql:self.jurisdictions","palette":{"id":"c8b253e8-f90b-4d7d-ae4c-a0a0cb34cc06","eClass":"diagram:NodePalette","data":{"deleteTool":{"id":"b357262b-b61d-4833-9690-aae40dcb4dc3","eClass":"diagram:DeleteTool","data":{"name":"Delete","body":[{"id":"de08fe4f-6e08-4d77-9af4-2f54b74e6e41","eClass":"view:ChangeContext","data":{"expression":"aql:self.defaultDelete()"}}]}},"labelEditTool":{"id":"2553c30f-b4e3-4c58-8413-8532a7decd98","eClass":"diagram:LabelEditTool","data":{"name":"Edit Label","body":[{"id":"f565aedd-23fd-43ae-b18c-ecfc298a18b0","eClass":"view:ChangeContext","data":{"expression":"aql:self.defaultEditLabel(newLabel)"}}]}},"nodeTools":[{"id":"5b75bf8f-3523-4e20-a117-f99bcb04feb0","eClass":"diagram:NodeTool","data":{"name":"Create Tax Category","body":[{"id":"7230753f-d4e7-4811-97b3-94af50fbbf50","eClass":"view:CreateInstance","data":{"typeName":"tax::TaxCategory","referenceName":"taxes"}}]}}]}},"childrenLayoutStrategy":{"id":"9edce4ec-21c7-46ef-996d-6a3b65af763d","eClass":"diagram:FreeFormLayoutStrategyDescription"},"style":{"id":"de1aa0db-2659-4efc-9838-b9e17acc550b","eClass":"diagram:ImageNodeStyleDescription","data":{"borderColor":"view:FixedColor 1952d117-7d88-32c4-a839-3858e5e779ae#//@colorPalettes.1/@colors.2","labelColor":"view:FixedColor 1952d117-7d88-32c4-a839-3858e5e779ae#//@colorPalettes.0/@colors.6","shape":"20c4a456-6e6f-4ced-bf86-2dde341edf27"}}}},{"id":"42b03e96-e0bb-481b-b8dd-a02ee1713cf4","eClass":"diagram:NodeDescription","data":{"name":"Tax Category Node","domainType":"tax::TaxCategory","semanticCandidatesExpression":"aql:self.eAllContents()","collapsible":true,"palette":{"id":"6fc6e852-c07b-420c-9dde-124241cc7ccc","eClass":"diagram:NodePalette","data":{"deleteTool":{"id":"da827140-62ef-4a2c-ac11-a0fa7a901568","eClass":"diagram:DeleteTool","data":{"name":"Delete","body":[{"id":"0ef4687e-6111-4f9b-94ed-7c63fa4296e4","eClass":"view:ChangeContext","data":{"expression":"aql:self.defaultDelete()"}}]}},"labelEditTool":{"id":"cc75bf27-fad3-4f2b-9b09-a752ba481627","eClass":"diagram:LabelEditTool","data":{"name":"Edit Label","body":[{"id":"89cd2af7-1403-49e1-8448-9281097e789e","eClass":"view:ChangeContext","data":{"expression":"aql:self.defaultEditLabel(newLabel)"}}]}},"edgeTools":[{"id":"3e283db8-9f65-440a-9a14-e5843e166e18","eClass":"diagram:EdgeTool","data":{"name":"Add Product","body":[{"id":"3ac9fd52-9b53-42b1-8fb1-57a4f7305c70","eClass":"view:ChangeContext","data":{"children":[{"id":"36db3171-695d-4df5-976b-904aa51fff6b","eClass":"view:SetValue","data":{"featureName":"products","valueExpression":"aql:semanticEdgeTarget"}}],"expression":"aql:semanticEdgeSource"}}],"targetElementDescriptions":["//@descriptions.0/@nodeDescriptions.2"]}}]}},"childrenLayoutStrategy":{"id":"ba2c2846-ae43-467f-aa0b-dc54edd21f15","eClass":"diagram:ListLayoutStrategyDescription"},"style":{"id":"0064152e-72bc-4ee8-8b07-725cef92b226","eClass":"diagram:RectangularNodeStyleDescription","data":{"color":"view:FixedColor 1952d117-7d88-32c4-a839-3858e5e779ae#//@colorPalettes.1/@colors.1","borderColor":"view:FixedColor 1952d117-7d88-32c4-a839-3858e5e779ae#//@colorPalettes.1/@colors.0","labelColor":"view:FixedColor 1952d117-7d88-32c4-a839-3858e5e779ae#//@colorPalettes.1/@colors.0","withHeader":true}},"childrenDescriptions":[{"id":"a9fca480-ecfe-426b-b830-ce9888a10328","eClass":"diagram:NodeDescription","data":{"name":"Tax Category percent Node","domainType":"tax::TaxCategory","semanticCandidatesExpression":"aql:self","labelExpression":"aql:'VAT percent: ' + self.tax + '%'","palette":{"id":"6d910454-ff7b-49c6-a9c4-4eff95495e82","eClass":"diagram:NodePalette","data":{"deleteTool":{"id":"9b6a66d6-a174-4c35-ad48-c667c0c18b2f","eClass":"diagram:DeleteTool","data":{"name":"Delete","body":[{"id":"17306366-4a4a-4e71-bc50-9735a7d43eba","eClass":"view:ChangeContext","data":{"expression":"aql:self.defaultDelete()"}}]}},"labelEditTool":{"id":"f8677f9b-f953-4413-93fb-9ead9119e38a","eClass":"diagram:LabelEditTool","data":{"name":"Edit Label","body":[{"id":"d1b39223-580a-43db-9df1-6447f57decfd","eClass":"view:ChangeContext","data":{"expression":"aql:self.defaultEditLabel(newLabel)"}}]}}}},"childrenLayoutStrategy":{"id":"3099667c-2f89-4f3e-ac0f-914ce4adbba4","eClass":"diagram:FreeFormLayoutStrategyDescription"},"style":{"id":"0da2c4fd-40db-40b6-b4db-17382c91c33a","eClass":"diagram:IconLabelNodeStyleDescription","data":{"color":"view:FixedColor 1952d117-7d88-32c4-a839-3858e5e779ae#//@colorPalettes.0/@colors.0","fontSize":"10","italic":true,"borderColor":"view:FixedColor 1952d117-7d88-32c4-a839-3858e5e779ae#//@colorPalettes.1/@colors.2","labelColor":"view:FixedColor 1952d117-7d88-32c4-a839-3858e5e779ae#//@colorPalettes.0/@colors.6","labelIcon":"/custom/f10ecbee-5319-48af-a11c-3ff46babd8ab"}}}}]}},{"id":"1a8e1c32-c018-466a-a4b7-c7efcd4e6c95","eClass":"diagram:NodeDescription","data":{"name":"Product Node","domainType":"tax::Product","labelExpression":"aql:self.name + ': ' + self.price + '€'","palette":{"id":"6accfdce-f842-4423-97c9-270b1c8565c5","eClass":"diagram:NodePalette","data":{"deleteTool":{"id":"8bdd4092-6067-4a1c-a81d-bb924c4258ba","eClass":"diagram:DeleteTool","data":{"name":"Delete","body":[{"id":"42b321f3-cc1c-4a28-8994-27be18ed1f47","eClass":"view:ChangeContext","data":{"expression":"aql:self.defaultDelete()"}}]}},"labelEditTool":{"id":"16ea395a-6839-4753-a09c-7205d47bf898","eClass":"diagram:LabelEditTool","data":{"name":"Edit Label","body":[{"id":"87f8153d-b157-42f3-bb96-e3a9baf1742b","eClass":"view:SetValue","data":{"featureName":"price","valueExpression":"aql:newLabel.tokenize(':')->last().substitute('€', '').trim().toInteger()"}},{"id":"5b8cce1b-36a5-4546-8bda-75064c20ab0e","eClass":"view:SetValue","data":{"featureName":"name","valueExpression":"aql:newLabel.tokenize(':')->first().trim()"}}]}}}},"style":{"id":"bb9eda5e-812c-4736-aac5-2082307286de","eClass":"diagram:ImageNodeStyleDescription","data":{"borderColor":"view:FixedColor 1952d117-7d88-32c4-a839-3858e5e779ae#//@colorPalettes.1/@colors.2","labelColor":"view:FixedColor 1952d117-7d88-32c4-a839-3858e5e779ae#//@colorPalettes.1/@colors.0","shape":"258b3ad1-8689-4250-870d-45bf9afc96e2"}},"conditionalStyles":[{"id":"ffb3f541-bd17-4be2-9148-b5d99cd8e6a1","eClass":"diagram:ConditionalNodeStyle","data":{"condition":"aql:self.eInverse(tax::TaxCategory)->first().name.toLower().contains('alcohol')","style":{"id":"8de65c34-6bc2-4e4b-9249-5235b34be80e","eClass":"diagram:ImageNodeStyleDescription","data":{"color":"view:FixedColor 1952d117-7d88-32c4-a839-3858e5e779ae#//@colorPalettes.1/@colors.1","borderColor":"view:FixedColor 1952d117-7d88-32c4-a839-3858e5e779ae#//@colorPalettes.1/@colors.2","labelColor":"view:FixedColor 1952d117-7d88-32c4-a839-3858e5e779ae#//@colorPalettes.1/@colors.0","shape":"20b16974-c059-4f95-8be2-c8fe4a4a9c4f"}}}}]}},{"id":"3b41b8a2-72ff-4918-9eb3-c30433c43e46","eClass":"diagram:NodeDescription","data":{"name":"Customer Node","domainType":"tax::Customer","palette":{"id":"d3531684-78c2-4d82-8e2e-cdc2df5aa190","eClass":"diagram:NodePalette","data":{"deleteTool":{"id":"68ea95ea-f9f0-4311-839b-47b7525bb779","eClass":"diagram:DeleteTool","data":{"name":"Delete","body":[{"id":"f223f825-eafc-4d57-96f1-15382fff55a6","eClass":"view:ChangeContext","data":{"expression":"aql:self.defaultDelete()"}}]}},"labelEditTool":{"id":"10521e7b-4f56-42ed-b495-6ffb653ab39b","eClass":"diagram:LabelEditTool","data":{"name":"Edit Label","body":[{"id":"2453c5e7-5c92-4942-8ab2-2cce9844ab0e","eClass":"view:ChangeContext","data":{"expression":"aql:self.defaultEditLabel(newLabel)"}}]}},"edgeTools":[{"id":"dff82079-a2ec-4de2-b1b4-05e7618b5457","eClass":"diagram:EdgeTool","data":{"name":"Define Jurisdiction","body":[{"id":"23500e72-617d-4110-8b1d-ef7f1f13c48f","eClass":"view:ChangeContext","data":{"children":[{"id":"7c4b1042-82dd-4f64-9102-4a8b8b4ba8c4","eClass":"view:SetValue","data":{"featureName":"jurisdiction","valueExpression":"aql:semanticEdgeTarget"}}],"expression":"aql:semanticEdgeSource"}}],"targetElementDescriptions":["//@descriptions.0/@nodeDescriptions.0"]}}]}},"childrenLayoutStrategy":{"id":"08a6e6e2-a571-4bee-91b6-e826e6c8ce85","eClass":"diagram:FreeFormLayoutStrategyDescription"},"style":{"id":"57da0546-edb6-43c9-90d3-7aef3afb538a","eClass":"diagram:ImageNodeStyleDescription","data":{"borderColor":"view:FixedColor 1952d117-7d88-32c4-a839-3858e5e779ae#//@colorPalettes.1/@colors.2","labelColor":"view:FixedColor 1952d117-7d88-32c4-a839-3858e5e779ae#//@colorPalettes.0/@colors.6","shape":"d4bd6487-8688-4d0c-8aa8-6bb45fe79533"}}}}],"edgeDescriptions":[{"id":"815809ba-fa2e-4f58-aa22-cc0b2e4308dd","eClass":"diagram:EdgeDescription","data":{"name":"taxes Relation","domainType":"tax::Jurisdiction","labelExpression":"","palette":{"id":"189c3521-01eb-4de1-b8d7-494997267557","eClass":"diagram:EdgePalette","data":{"deleteTool":{"id":"5bbff492-0dae-4b54-ba4b-94f3389bb044","eClass":"diagram:DeleteTool","data":{"name":"Delete","body":[{"id":"1699ab25-8225-435a-9115-2dab722bdc82","eClass":"view:ChangeContext","data":{"expression":"aql:self.defaultDelete()"}}]}},"centerLabelEditTool":{"id":"b7ba6ef4-3bf8-4222-96a6-ce50abeeeee0","eClass":"diagram:LabelEditTool","data":{"name":"Edit Label","body":[{"id":"4783969b-70c7-4d16-8314-bda5af4c7847","eClass":"view:ChangeContext","data":{"expression":"aql:self.defaultEditLabel(newLabel)"}}]}}}},"sourceNodeDescriptions":["//@descriptions.0/@nodeDescriptions.0"],"targetNodeDescriptions":["//@descriptions.0/@nodeDescriptions.1"],"sourceNodesExpression":"aql:self","targetNodesExpression":"aql:self.taxes","style":{"id":"c8a941bb-9454-45e3-ae25-87e109cd3f92","eClass":"diagram:EdgeStyle","data":{"color":"view:FixedColor 1952d117-7d88-32c4-a839-3858e5e779ae#//@colorPalettes.1/@colors.0"}}}},{"id":"6bbb9e27-7201-4c1c-babf-662b25ac4bfd","eClass":"diagram:EdgeDescription","data":{"name":"jurisdiction Relation","domainType":"Tax::Customer","semanticCandidatesExpression":"aql:self.eAllContents()","labelExpression":"","beginLabelExpression":"is under the jurisdiction of","palette":{"id":"1c4f55f8-dd46-4c97-b6d9-994c7c73b064","eClass":"diagram:EdgePalette","data":{"deleteTool":{"id":"4dea27fc-014e-4591-bddc-0fff1be2b855","eClass":"diagram:DeleteTool","data":{"name":"Delete","body":[{"id":"da1b63d7-c995-4cd5-b2ff-d35c70e2e419","eClass":"view:ChangeContext","data":{"expression":"aql:self.defaultDelete()"}}]}},"centerLabelEditTool":{"id":"01245111-68aa-49d4-8baf-938becd0b6c3","eClass":"diagram:LabelEditTool","data":{"name":"Edit Label","body":[{"id":"d6178338-7eb8-4d5b-94fb-48d7e27792b6","eClass":"view:ChangeContext","data":{"expression":"aql:self.defaultEditLabel(newLabel)"}}]}}}},"sourceNodeDescriptions":["//@descriptions.0/@nodeDescriptions.3"],"targetNodeDescriptions":["//@descriptions.0/@nodeDescriptions.0"],"sourceNodesExpression":"aql:self","targetNodesExpression":"aql:self.jurisdiction","style":{"id":"7267ecb5-83b8-4a47-8454-31ba6cf46cce","eClass":"diagram:EdgeStyle","data":{"color":"view:FixedColor 1952d117-7d88-32c4-a839-3858e5e779ae#//@colorPalettes.1/@colors.0"}}}},{"id":"e0bfe800-f742-49fc-8001-044f603ac49b","eClass":"diagram:EdgeDescription","data":{"name":"products Relation","domainType":"Tax::TaxCategory","semanticCandidatesExpression":"aql:self.eAllContents()","labelExpression":"","beginLabelExpression":"contains","palette":{"id":"fbcc4e23-01b4-4df2-92b5-6b6f5c60f8e7","eClass":"diagram:EdgePalette","data":{"deleteTool":{"id":"936301be-373e-4be9-9d8c-a28d81b9f065","eClass":"diagram:DeleteTool","data":{"name":"Delete","body":[{"id":"78da4bf0-ab0c-457e-8db1-1b4d67edf008","eClass":"view:ChangeContext","data":{"expression":"aql:self.defaultDelete()"}}]}},"centerLabelEditTool":{"id":"8f6e2695-21dd-4816-83fe-93627a0c2ec5","eClass":"diagram:LabelEditTool","data":{"name":"Edit Label","body":[{"id":"9ca7e128-c0ac-4232-ad6b-6ba6a07e350f","eClass":"view:ChangeContext","data":{"expression":"aql:self.defaultEditLabel(newLabel)"}}]}}}},"sourceNodeDescriptions":["//@descriptions.0/@nodeDescriptions.1"],"targetNodeDescriptions":["//@descriptions.0/@nodeDescriptions.2"],"sourceNodesExpression":"aql:self","targetNodesExpression":"aql:self.products","style":{"id":"be1a3c33-2af0-4a70-9d57-d2566aa3ba1f","eClass":"diagram:EdgeStyle","data":{"color":"view:FixedColor 1952d117-7d88-32c4-a839-3858e5e779ae#//@colorPalettes.1/@colors.0"}}}}]}},{"id":"3d073e76-a2b5-41ca-8990-f39170d9f74c","eClass":"form:FormDescription","data":{"name":"New Form Description","domainType":"tax::Cart","titleExpression":"aql:'New Cart Representation'","pages":[{"id":"09afc0ed-5949-47c4-9960-2ecc7802a433","eClass":"form:PageDescription","data":{"groups":[{"id":"3aafedee-502c-4f40-b940-f7bc9f1cf21d","eClass":"form:GroupDescription","data":{"labelExpression":"aql:'Cart of ' + self.eInverse('cart')->first().name","children":[{"id":"544f8925-13da-45e2-9456-98e3b69d9e5b","eClass":"reference:ReferenceWidgetDescription","data":{"labelExpression":"Add new products to cart","referenceNameExpression":"products"}},{"id":"c8977074-2b07-47f5-b339-c28390be0e23","eClass":"form:FormElementFor","data":{"iterableExpression":"aql:self.products","children":[{"id":"e5e9569b-7493-4b92-ab17-07080a856306","eClass":"form:FlexboxContainerDescription","data":{"labelExpression":"aql:it.name","children":[{"id":"6141fa63-f7d0-4365-b021-647e2a8e8e59","eClass":"form:LabelDescription","data":{"labelExpression":"Price","valueExpression":"aql:it.price","style":{"id":"2d915129-12e1-4b20-84a2-612b93e11fe8","eClass":"form:LabelDescriptionStyle"}}},{"id":"fc904107-083a-43f0-905a-99154bf8d237","eClass":"form:LabelDescription","data":{"labelExpression":"VAT","valueExpression":"aql:self.eInverse('cart')->first().jurisdiction.taxes->select(cat | cat.products->includes(it))->first().tax + '%'","style":{"id":"77c81539-19f3-4f0a-968b-fcad739ee2c1","eClass":"form:LabelDescriptionStyle","data":{"color":"view:FixedColor 1952d117-7d88-32c4-a839-3858e5e779ae#//@colorPalettes.0/@colors.3"}}}},{"id":"a8d86405-1b68-4439-b971-8185501e0925","eClass":"form:LabelDescription","data":{"labelExpression":"Final price","valueExpression":"aql:let vat =self.eInverse('cart')->first().jurisdiction.taxes->select(cat | cat.products->includes(it))->first().tax in it.price.toDouble()  / 100.0 * vat.toDouble() + it.price.toDouble() + '€'","style":{"id":"4c2798c7-ff7d-4cf9-82f4-1723d050dc12","eClass":"form:LabelDescriptionStyle","data":{"color":"view:FixedColor 1952d117-7d88-32c4-a839-3858e5e779ae#//@colorPalettes.0/@colors.3"}}}}]}}]}},{"id":"34f98526-bda8-4bd7-add8-47fcd469b961","eClass":"form:LabelDescription","data":{"labelExpression":"Sum (without VAT)","valueExpression":"aql:self.products->collect(product | product.price)->sum() + '€'","style":{"id":"3e03ce51-bc50-41fc-b3af-066caa3c1a7d","eClass":"form:LabelDescriptionStyle","data":{"color":"view:FixedColor 1952d117-7d88-32c4-a839-3858e5e779ae#//@colorPalettes.0/@colors.6"}}}},{"id":"aec14093-60f5-468b-9177-57cd005fe53b","eClass":"form:LabelDescription","data":{"labelExpression":"Sum (with VAT)","valueExpression":"aql:self.products->collect(it | let vat =self.eInverse('cart')->first().jurisdiction.taxes->select(cat | cat.products->includes(it))->first().tax in it.price.toDouble()  / 100.0 * vat.toDouble() + it.price.toDouble())->sum() + '€'","style":{"id":"61b6c05a-c813-4a67-ba6b-57cc2369ec8f","eClass":"form:LabelDescriptionStyle","data":{"color":"view:FixedColor 1952d117-7d88-32c4-a839-3858e5e779ae#//@colorPalettes.0/@colors.6"}}}},{"id":"909b8b09-43ce-4ff2-8a1c-479f7c9169e9","eClass":"form:PieChartDescription","data":{"name":"Foo","labelExpression":"VAT percentage on the cart","valuesExpression":"aql:Sequence{self.products->collect(it | it.price.toDouble())->sum(), self.products->collect(it | let vat =self.eInverse('cart')->first().jurisdiction.taxes->select(cat | cat.products->includes(it))->first().tax in it.price.toDouble()  / 100.0 * vat.toDouble())->sum()}","keysExpression":"aql:Sequence{'Sum', 'applied VAT'}","style":{"id":"b8dd823f-38e1-4c7c-88eb-36cb82bfd69e","eClass":"form:PieChartDescriptionStyle"}}}]}}]}}]}}]}}]}