{"json":{"version":"1.0","encoding":"utf-8"},"ns":{"tax":"domain://tax"},"content":[{"id":"47449f03-b1c2-4239-b7e2-3f046face2b8","eClass":"tax:World","data":{"jurisdictions":[{"id":"b402909e-a30c-4964-ad8d-41d42f5e870b","eClass":"tax:Jurisdiction","data":{"name":"France","taxes":[{"id":"588be0eb-045d-4974-b0bd-2eff65ccf241","eClass":"tax:TaxCategory","data":{"name":"Food tax","tax":6,"products":["//@products.0"]}},{"id":"195ae546-81d1-4e12-865e-5c5036030404","eClass":"tax:TaxCategory","data":{"name":"Alcohol tax","tax":20,"products":["//@products.1"]}}]}},{"id":"ef425376-8ba3-48a4-8e7e-c5b0b31b5faa","eClass":"tax:Jurisdiction","data":{"name":"Germany","taxes":[{"id":"f64fd0fa-43bf-49bb-ba27-b4c86a7f5b0c","eClass":"tax:TaxCategory","data":{"name":"Food tax","tax":7,"products":["//@products.0"]}}]}}],"products":[{"id":"4b549d51-746e-4a32-9294-17b6c7dffd36","eClass":"tax:Product","data":{"name":"Apples (1kg)","price":3}},{"id":"8be306ab-f406-47ce-a448-6616f64f2bda","eClass":"tax:Product","data":{"name":"Wine","price":12}}],"customers":[{"id":"71039bb4-0fe3-43ce-9b67-9434d3747456","eClass":"tax:Customer","data":{"name":"Alice","jurisdiction":"//@jurisdictions.0","cart":{"id":"84f90a19-af91-4cfe-a577-249272db72b4","eClass":"tax:Cart","data":{"products":["//@products.0"]}}}},{"id":"4028d800-60f5-482f-988e-cf90efc2200e","eClass":"tax:Customer","data":{"name":"Bob","jurisdiction":"//@jurisdictions.1","cart":{"id":"2795f3ba-fb33-416f-b2f8-9e7d2aa803c8","eClass":"tax:Cart"}}}]}}]}